{
  "rec": [
    {
      "nama": "Reynaldi Noer Rizki",
      "panggilan": "Rey",
      "npm": "140810160010",
      "tempatlahir": "Jakarta",
      "tanggallahir": "3 September 1998",
      "hobi": "Nonton tv series",
      "makananfav": "-",
      "bendafav": "-",
      "warnafav": "biru",
      "musikfav": "-",
      "filmfav": "-",
      "gamefav": "-",
      "bukufav": "-",
      "prestasi": "-"
    },
    {
      "nama": "Fikri Ikhsan",
      "panggilan": "Fikri",
      "npm": "140810160016",
      "tempatlahir": "Padang",
      "tanggallahir": "4 Februari 1998",
      "hobi": "Jalan-jalan",
      "makananfav": "Makanan Khas Minang",
      "bendafav": "Jaket, Topi, HP",
      "warnafav": "Biru, Abu-abu, Putih",
      "musikfav": "Pop, K-Pop",
      "filmfav": "Animasi, Misteri, Petualangan",
      "gamefav": "Ultimate Ninja Storm",
      "bukufav": "-",
      "prestasi": "-"
    },
    {
      "nama": "Muhammad Islam Taufikurahman",
      "panggilan": "Islam",
      "npm": "140810160062",
      "tempatlahir": "Bandung",
      "tanggallahir": "23 Juni 1998",
      "hobi": "Game Sport",
      "makananfav": "Rendang",
      "bendafav": "Laptop",
      "warnafav": "Merah",
      "musikfav": "Pop-Rock",
      "filmfav": "Harry Potter",
      "gamefav": "Pro Evo",
      "bukufav": "Nightmare's Academy",
      "prestasi": "Juara Harapan Qiroah TK Istiqomah Bandung"
    },
    {
      "nama": "Hasna Karimah",
      "panggilan": "Hasna",
      "npm": "140810160020",
      "tempatlahir": "Tangerang",
      "tanggallahir": "15 September 1998",
      "hobi": "Ngoding",
      "makananfav": "Apa Aja",
      "bendafav": "-",
      "warnafav": "Pink",
      "musikfav": "Yang selow-selow (Piano)",
      "filmfav": "Horror",
      "gamefav": "Snake",
      "bukufav": "Hujan di Bulan Juni",
      "prestasi": "Banyak!"
    },
    {
      "nama": "Sachi Hongo",
      "panggilan": "Sachi",
      "npm": "140810160014",
      "tempatlahir": "Jakarta",
      "tanggallahir": "31 Mei 1999",
      "hobi": "Jalan-jalan",
      "makananfav": "Nasi Padang",
      "bendafav": "-",
      "warnafav": "Merah",
      "musikfav": "Rock",
      "filmfav": "-",
      "gamefav": "-",
      "bukufav": "-",
      "prestasi": "-"
    },
    {
      "nama": "Muhammad Faizin Ahsan",
      "panggilan": "Faizin",
      "npm": "140810160032",
      "tempatlahir": "Bandung",
      "tanggallahir": "11 September 1998",
      "hobi": "Tidur, Ngoding, Nonton Film",
      "makananfav": "Ayam Sambel Hejo",
      "bendafav": "-",
      "warnafav": "-",
      "musikfav": "-",
      "filmfav": "Habibie dan Ainun 2",
      "gamefav": "-",
      "bukufav": "Percy Jackson Books",
      "prestasi": "-"
    },
    {
      "nama": "Muhammad Fahmi Irfananda",
      "panggilan": "Fahmi",
      "npm": "140810160028",
      "tempatlahir": "Pekalongan",
      "tanggallahir": "10 April 1998",
      "hobi": "Ngoding, Baca",
      "makananfav": "Nasi Goreng",
      "bendafav": "Kasur",
      "warnafav": "Abu-biru",
      "musikfav": "-",
      "filmfav": "-",
      "gamefav": "-",
      "bukufav": "Self Driving : Rhenald Kasali",
      "prestasi": "-"
    },
    {
      "nama": "Afifah Kho'eriah",
      "panggilan": "Ifa",
      "npm": "140810160008",
      "tempatlahir": "Cirebon",
      "tanggallahir": "",
      "hobi": "Nonton Film",
      "makananfav": "Semua",
      "bendafav": "-",
      "warnafav": "-",
      "musikfav": "-",
      "filmfav": "-",
      "gamefav": "-",
      "bukufav": "-",
      "prestasi": "Banyak"
    },
    {
      "nama": "Baby Cattleya Gustina Permatagama",
      "panggilan": "Mbe",
      "npm": "140810160048",
      "tempatlahir": "Bandung",
      "tanggallahir": "18 November 1998",
      "hobi": "Driving",
      "makananfav": "Ayam",
      "bendafav": "Komputer",
      "warnafav": "Biru",
      "musikfav": "Pop - Rock",
      "filmfav": "Kartun",
      "gamefav": "GTA",
      "bukufav": "Matematika",
      "prestasi": "-"
    },
    {
      "nama": "Bariq Mbani",
      "panggilan": "Bariq",
      "npm": "140810160064",
      "tempatlahir": "Cimahi",
      "tanggallahir": "23 Agustus 1997",
      "hobi": "Nongkrong Bareng Temen",
      "makananfav": "Roti Bakar, Martabak",
      "bendafav": "Ikat Rambut",
      "warnafav": "Abu-abu",
      "musikfav": "SOAD, PATD",
      "filmfav": "Sumiati",
      "gamefav": "DoTA",
      "bukufav": "Modul Praktikum",
      "prestasi": "-"
    },
    {
      "nama": "Satrio Sadrakh Allesandro",
      "panggilan": "Satrio",
      "npm": "140810160038",
      "tempatlahir": "Bandung",
      "tanggallahir": "16 Agustus 1997",
      "hobi": "PC gaming, Baca Novel",
      "makananfav": "Nasi Goreng",
      "bendafav": "Kacamata",
      "warnafav": "Biru",
      "musikfav": "Senbonzakura",
      "filmfav": "Saving Private Ryan",
      "gamefav": "COD MW series",
      "bukufav": "Laskar Pelangi",
      "prestasi": "-"
    },
    {
      "nama": "Beryl Cleary Hermanto",
      "panggilan": "Beryl",
      "npm": "140810160060",
      "tempatlahir": "Cimahi",
      "tanggallahir": "26 Desember 1999",
      "hobi": "Main Game, Nonton Anime, Baca Line Today",
      "makananfav": "Masakan Ikan Tuna",
      "bendafav": "Harddisk",
      "warnafav": "Ungu",
      "musikfav": "Something Just Like This - Coldplay",
      "filmfav": "Grisaia Series",
      "gamefav": "-",
      "bukufav": "Mawar Jepang",
      "prestasi": "-"
    },
    {
      "nama": "Fajar Adiyansyah Rahiq",
      "panggilan": "Fajar",
      "npm": "140810160006",
      "tempatlahir": "Baso",
      "tanggallahir": "",
      "hobi": "Basket",
      "makananfav": "Sate",
      "bendafav": "PC",
      "warnafav": "Biru",
      "musikfav": "EDM",
      "filmfav": "Anime",
      "gamefav": "ML",
      "bukufav": "Ensiklopedia",
      "prestasi": "Forum Pelajar Indonesia"
    },
    {
      "nama": "Paquita Putri Ramadhani",
      "panggilan": "Paqu",
      "npm": "140810160024",
      "tempatlahir": "CImahi",
      "tanggallahir": "7 Januari 1998",
      "hobi": "Olahraga, Nonton Film / Drama",
      "makananfav": "Ayam Goreng",
      "bendafav": "Laptop",
      "warnafav": "Biru Muda",
      "musikfav": "Pop",
      "filmfav": "Lucy",
      "gamefav": "CS",
      "bukufav": "Twilight",
      "prestasi": "-"
    }
  ]
}